<?xml version="1.0" encoding="UTF-8"?>
<objects serializationModel="Studio.01.10.00">
    <object class="MixerReturn" id="{f95f7f3f-af64-42f9-b845-433c22a65146}">
        <property name="overridingInputFormat">
            <value>2</value>
        </property>
        <property name="inputFormatOverridden">
            <value>true</value>
        </property>
        <property name="name">
            <value>Reverb</value>
        </property>
        <relationship name="effectChain">
            <destination>{6a1cfd83-2213-4eba-9d6a-73862954eb76}</destination>
        </relationship>
        <relationship name="panner">
            <destination>{deee8462-b1b9-42bc-8cba-0744f1f76770}</destination>
        </relationship>
        <relationship name="output">
            <destination>{fee053c9-dcfa-4514-9e40-1b5f3f99776e}</destination>
        </relationship>
    </object>
    <object class="MixerBusEffectChain" id="{6a1cfd83-2213-4eba-9d6a-73862954eb76}">
        <relationship name="effects">
            <destination>{a9517e8e-cfdb-4723-b935-d8362ccb3c1b}</destination>
            <destination>{ec7f812a-54d1-4c88-b5c8-7b2fd98c6117}</destination>
        </relationship>
    </object>
    <object class="MixerBusPanner" id="{deee8462-b1b9-42bc-8cba-0744f1f76770}"/>
    <object class="SFXReverbEffect" id="{a9517e8e-cfdb-4723-b935-d8362ccb3c1b}">
        <property name="wetLevel">
            <value>0</value>
        </property>
        <property name="dryLevel">
            <value>-80</value>
        </property>
    </object>
    <object class="MixerBusFader" id="{ec7f812a-54d1-4c88-b5c8-7b2fd98c6117}"/>
</objects>
