{
   "allow_add_mods" : true,
   "custom_icons" : false,
   "description" : "This is an example mod I created to showcase a custom handheld tool model.\r\n\r\nThis mod was created for the custom tool model explanation/tutorial on my website.\r\n\r\n\r\n[url=https://scrapmechanicmaps.com/modding_help/Tool_Models#example-mod-download] Custom Tool Model Tutorial [/url] ",
   "fileId" : 2826720813,
   "localId" : "69edc29a-bc48-42c4-947d-3a1cd41982a0",
   "name" : "Custom Tool Model - Example Mod",
   "type" : "Blocks and Parts",
   "version" : 1
}
