<?xml version="1.0" encoding="UTF-8"?>
<objects serializationModel="Studio.01.10.00">
    <object class="MixerMaster" id="{fee053c9-dcfa-4514-9e40-1b5f3f99776e}">
        <property name="name">
            <value>Master Bus</value>
        </property>
        <relationship name="effectChain">
            <destination>{9e1de73e-f457-4fe4-ab9e-da59fe5bf75d}</destination>
        </relationship>
        <relationship name="panner">
            <destination>{ad44e393-3b6f-45b9-9695-4061353444cb}</destination>
        </relationship>
        <relationship name="mixer">
            <destination>{4eda0661-be17-43a4-a413-7e5e5a482473}</destination>
        </relationship>
    </object>
    <object class="MixerBusEffectChain" id="{9e1de73e-f457-4fe4-ab9e-da59fe5bf75d}">
        <relationship name="effects">
            <destination>{fb1fb817-1d7d-4558-9d30-922ab4816190}</destination>
        </relationship>
    </object>
    <object class="MixerBusPanner" id="{ad44e393-3b6f-45b9-9695-4061353444cb}">
        <property name="overridingOutputFormat">
            <value>2</value>
        </property>
        <property name="outputFormatOverridden">
            <value>true</value>
        </property>
    </object>
    <object class="MixerBusFader" id="{fb1fb817-1d7d-4558-9d30-922ab4816190}"/>
</objects>
