<?xml version="1.0" encoding="UTF-8"?>
<objects serializationModel="Studio.01.10.00">
    <object class="Workspace" id="{e187fb10-4344-4400-a053-b75400977379}">
        <relationship name="masterEventFolder">
            <destination>{afc39c41-92e8-48d8-aff6-d3ba68e4b2d2}</destination>
        </relationship>
        <relationship name="masterTagFolder">
            <destination>{bacfe032-f102-4b8e-8a62-e53962946dca}</destination>
        </relationship>
        <relationship name="masterEffectPresetFolder">
            <destination>{6f880469-1738-4cc7-b0b8-6bc3842d924f}</destination>
        </relationship>
        <relationship name="masterParameterPresetFolder">
            <destination>{bc9bb628-fc19-4f9c-815c-4ca5481ce5b5}</destination>
        </relationship>
        <relationship name="masterBankFolder">
            <destination>{d2b13be0-fb6c-43df-973e-bd9335d71289}</destination>
        </relationship>
        <relationship name="masterAssetFolder">
            <destination>{57d72d2d-12dc-4c8a-ac7a-1d7f7d58f275}</destination>
        </relationship>
        <relationship name="mixer">
            <destination>{4eda0661-be17-43a4-a413-7e5e5a482473}</destination>
        </relationship>
        <relationship name="platforms">
            <destination>{14065834-9e31-458c-b377-0c22080a8afa}</destination>
        </relationship>
    </object>
</objects>
