<?xml version="1.0" encoding="UTF-8"?>
<objects serializationModel="Studio.01.10.00">
    <object class="EncodingSetting" id="{390fa93b-75d3-4ac1-8428-6ebe982cea0b}">
        <property name="encodingFormat">
            <value>3</value>
        </property>
        <property name="quality">
            <value>37</value>
        </property>
        <relationship name="platform">
            <destination>{14065834-9e31-458c-b377-0c22080a8afa}</destination>
        </relationship>
        <relationship name="encodable">
            <destination>{14065834-9e31-458c-b377-0c22080a8afa}</destination>
        </relationship>
    </object>
</objects>
