<?xml version="1.0" encoding="UTF-8"?>
<objects serializationModel="Studio.01.10.00">
    <object class="Workspace" id="{e187fb10-4344-4400-a053-b75400977379}">
        <relationship name="projectSettings">
            <destination>{4a5c6a59-4dfc-4039-a3b2-d063e18e3f67}</destination>
        </relationship>
        <relationship name="changelist">
            <destination>{2b7713e2-cfc5-4490-935b-674ece323b32}</destination>
        </relationship>
        <relationship name="profilerSessionFolder">
            <destination>{f8dc1cab-9d93-4180-9ca0-f3c61d9969b9}</destination>
        </relationship>
    </object>
    <object class="ProjectSettings" id="{4a5c6a59-4dfc-4039-a3b2-d063e18e3f67}">
        <relationship name="activePlatform">
            <destination>{14065834-9e31-458c-b377-0c22080a8afa}</destination>
        </relationship>
    </object>
    <object class="WorkspaceChangelist" id="{2b7713e2-cfc5-4490-935b-674ece323b32}"/>
</objects>
